-- phpMyAdmin SQL Dump
-- version 5.0.2
-- https://www.phpmyadmin.net/
--
-- Хост: 127.0.0.1:3307
-- Время создания: Июн 28 2023 г., 22:16
-- Версия сервера: 5.6.47
-- Версия PHP: 7.4.5

SET SQL_MODE = "NO_AUTO_VALUE_ON_ZERO";
START TRANSACTION;
SET time_zone = "+00:00";


/*!40101 SET @OLD_CHARACTER_SET_CLIENT=@@CHARACTER_SET_CLIENT */;
/*!40101 SET @OLD_CHARACTER_SET_RESULTS=@@CHARACTER_SET_RESULTS */;
/*!40101 SET @OLD_COLLATION_CONNECTION=@@COLLATION_CONNECTION */;
/*!40101 SET NAMES utf8mb4 */;

--
-- База данных: `byweb`
--

-- --------------------------------------------------------

--
-- Структура таблицы `calc_categories`
--

CREATE TABLE `calc_categories` (
  `id` bigint(20) UNSIGNED NOT NULL,
  `title` varchar(191) COLLATE utf8mb4_unicode_ci NOT NULL,
  `created_at` timestamp NULL DEFAULT NULL,
  `updated_at` timestamp NULL DEFAULT NULL,
  `calc_classes_id` bigint(20) UNSIGNED NOT NULL
) ENGINE=InnoDB DEFAULT CHARSET=utf8mb4 COLLATE=utf8mb4_unicode_ci;

--
-- Дамп данных таблицы `calc_categories`
--

INSERT INTO `calc_categories` (`id`, `title`, `created_at`, `updated_at`, `calc_classes_id`) VALUES
(2, 'Интернет-магазин', '2023-04-10 10:26:53', '2023-06-27 11:23:39', 4),
(3, 'Каталог товаров', '2023-04-14 04:54:59', '2023-06-28 15:11:23', 4),
(4, 'Сайт-портал', '2023-04-14 04:55:38', '2023-04-14 04:55:38', 2),
(5, 'Landing page', '2023-04-14 04:56:04', '2023-06-21 11:26:53', 4),
(6, 'Сайт-визитка', '2023-04-14 04:56:17', '2023-04-14 04:56:17', 2),
(8, 'Информационный сайт', '2023-04-14 04:56:58', '2023-04-14 04:56:58', 2),
(9, 'Веб-программирование', '2023-04-14 04:57:11', '2023-04-14 04:57:11', 2),
(10, 'Корпоративный сайт', '2023-04-14 04:57:26', '2023-06-28 15:20:26', 4);

-- --------------------------------------------------------

--
-- Структура таблицы `calc_category_calc_module`
--

CREATE TABLE `calc_category_calc_module` (
  `id` bigint(20) UNSIGNED NOT NULL,
  `calc_category_id` int(10) UNSIGNED DEFAULT NULL,
  `calc_module_id` int(10) UNSIGNED DEFAULT NULL,
  `created_at` timestamp NULL DEFAULT NULL,
  `updated_at` timestamp NULL DEFAULT NULL
) ENGINE=InnoDB DEFAULT CHARSET=utf8mb4 COLLATE=utf8mb4_unicode_ci;

--
-- Дамп данных таблицы `calc_category_calc_module`
--

INSERT INTO `calc_category_calc_module` (`id`, `calc_category_id`, `calc_module_id`, `created_at`, `updated_at`) VALUES
(7, 2, 5, '2023-06-27 17:45:51', '2023-06-27 17:45:51'),
(9, 2, 7, '2023-06-27 17:53:19', '2023-06-27 17:53:19'),
(11, 3, 7, '2023-06-28 08:35:37', '2023-06-28 08:35:37'),
(12, 4, 5, '2023-06-28 10:55:42', '2023-06-28 10:55:42'),
(13, 3, 5, '2023-06-28 10:56:17', '2023-06-28 10:56:17'),
(14, 5, 5, '2023-06-28 11:08:54', '2023-06-28 11:08:54'),
(15, 6, 5, '2023-06-28 11:09:23', '2023-06-28 11:09:23'),
(16, 8, 5, '2023-06-28 11:09:36', '2023-06-28 11:09:36'),
(17, 9, 5, '2023-06-28 11:09:45', '2023-06-28 11:09:45'),
(18, 10, 5, '2023-06-28 11:09:57', '2023-06-28 11:09:57'),
(19, 9, 6, '2023-06-28 11:10:42', '2023-06-28 11:10:42'),
(20, 4, 6, '2023-06-28 15:13:51', '2023-06-28 15:13:51'),
(21, 8, 6, '2023-06-28 15:14:22', '2023-06-28 15:14:22'),
(22, 10, 6, '2023-06-28 15:14:36', '2023-06-28 15:14:36');

-- --------------------------------------------------------

--
-- Структура таблицы `calc_classes`
--

CREATE TABLE `calc_classes` (
  `id` bigint(20) UNSIGNED NOT NULL,
  `created_at` timestamp NULL DEFAULT NULL,
  `updated_at` timestamp NULL DEFAULT NULL,
  `title` varchar(191) COLLATE utf8mb4_unicode_ci NOT NULL
) ENGINE=InnoDB DEFAULT CHARSET=utf8mb4 COLLATE=utf8mb4_unicode_ci;

--
-- Дамп данных таблицы `calc_classes`
--

INSERT INTO `calc_classes` (`id`, `created_at`, `updated_at`, `title`) VALUES
(2, '2023-04-05 13:38:52', '2023-04-18 10:59:25', 'btn1'),
(3, '2023-04-10 10:28:44', '2023-04-29 05:29:37', 'joomla'),
(4, '2023-04-14 04:59:30', '2023-04-14 04:59:30', 'Без класса'),
(5, '2023-04-14 06:32:19', '2023-04-21 10:50:19', 'opencart'),
(6, '2023-04-21 11:02:55', '2023-04-21 11:02:55', 'wp'),
(7, '2023-04-29 05:34:41', '2023-04-29 05:34:41', 'bitrix'),
(8, '2023-04-29 05:43:59', '2023-04-29 05:47:11', 'laravel'),
(10, '2023-04-29 05:47:36', '2023-04-29 05:47:36', 'php'),
(11, '2023-06-13 15:24:36', '2023-06-13 15:27:33', 'vm'),
(12, '2023-06-21 07:27:45', '2023-06-21 07:29:11', 'woo');

-- --------------------------------------------------------

--
-- Структура таблицы `calc_items`
--

CREATE TABLE `calc_items` (
  `id` bigint(20) UNSIGNED NOT NULL,
  `calc_title_id` bigint(20) UNSIGNED NOT NULL,
  `price` double(8,2) UNSIGNED NOT NULL DEFAULT '0.00',
  `calc_module_id` bigint(20) UNSIGNED DEFAULT NULL,
  `created_at` timestamp NULL DEFAULT NULL,
  `updated_at` timestamp NULL DEFAULT NULL,
  `calc_category_id` bigint(20) UNSIGNED NOT NULL,
  `checked` tinyint(4) NOT NULL DEFAULT '0',
  `status` tinyint(4) NOT NULL DEFAULT '1'
) ENGINE=InnoDB DEFAULT CHARSET=utf8mb4 COLLATE=utf8mb4_unicode_ci;

--
-- Дамп данных таблицы `calc_items`
--

INSERT INTO `calc_items` (`id`, `calc_title_id`, `price`, `calc_module_id`, `created_at`, `updated_at`, `calc_category_id`, `checked`, `status`) VALUES
(6, 2, 450.00, 5, '2023-04-14 12:31:37', '2023-06-22 07:17:54', 5, 1, 1),
(9, 2, 500.00, 5, '2023-04-20 10:29:30', '2023-04-20 10:29:30', 6, 1, 1),
(11, 3, 391.00, 5, '2023-04-29 05:22:14', '2023-04-29 05:27:42', 5, 0, 1),
(12, 9, 130.00, 5, '2023-04-29 05:25:12', '2023-04-29 05:25:12', 5, 1, 1),
(13, 8, 150.00, 5, '2023-04-29 05:28:59', '2023-04-29 05:28:59', 5, 0, 1),
(14, 10, 700.00, 5, '2023-04-29 05:35:26', '2023-04-29 05:35:26', 5, 0, 1),
(15, 11, 1500.00, 5, '2023-04-29 05:46:02', '2023-04-29 05:46:02', 5, 0, 1),
(16, 12, 2500.00, 5, '2023-04-29 06:01:00', '2023-04-29 06:01:49', 5, 0, 1),
(17, 13, 0.00, 5, '2023-04-29 06:11:22', '2023-04-29 06:11:22', 5, 0, 1),
(18, 14, 34.00, 5, '2023-04-29 06:13:50', '2023-04-29 06:13:50', 5, 0, 1),
(19, 15, 12.00, 5, '2023-04-29 06:14:12', '2023-04-29 06:14:12', 5, 0, 1),
(20, 2, 190.00, 5, '2023-05-19 04:19:10', '2023-05-19 04:19:10', 4, 1, 1),
(21, 16, 5000.00, 5, '2023-05-19 04:22:42', '2023-05-19 04:22:42', 4, 0, 1),
(22, 17, 150.00, 5, '2023-05-19 04:24:33', '2023-05-19 04:24:33', 4, 0, 1),
(23, 18, 190.00, 5, '2023-05-19 04:25:25', '2023-05-19 04:25:25', 4, 0, 1),
(24, 4, 0.00, 5, '2023-05-19 04:26:36', '2023-05-19 04:26:36', 4, 0, 1),
(25, 9, 150.00, 5, '2023-05-19 04:27:03', '2023-05-19 04:38:12', 4, 1, 1),
(26, 8, 200.00, 5, '2023-05-19 04:27:21', '2023-05-19 04:27:21', 4, 0, 1),
(27, 2, 590.00, 5, '2023-06-13 14:59:52', '2023-06-28 15:45:13', 2, 1, 1),
(28, 3, 300.00, 5, '2023-06-13 15:14:03', '2023-06-13 15:15:56', 2, 1, 1),
(29, 4, 0.00, 5, '2023-06-13 15:16:57', '2023-06-13 15:17:20', 2, 0, 1),
(30, 7, 800.00, 5, '2023-06-13 15:18:59', '2023-06-13 15:18:59', 2, 1, 1),
(31, 19, 900.00, 5, '2023-06-13 15:26:11', '2023-06-13 15:26:11', 2, 0, 1),
(32, 3, 100.00, 5, '2023-06-21 05:51:24', '2023-06-21 05:51:24', 6, 1, 1),
(33, 4, 0.00, 5, '2023-06-21 05:51:53', '2023-06-21 05:51:53', 6, 0, 1),
(34, 9, 150.00, 5, '2023-06-21 05:52:24', '2023-06-21 05:52:24', 6, 1, 1),
(35, 8, 200.00, 5, '2023-06-21 05:53:48', '2023-06-21 05:53:48', 6, 0, 1),
(36, 10, 1200.00, 5, '2023-06-21 05:54:18', '2023-06-21 05:54:18', 6, 0, 1),
(37, 2, 300.00, 5, '2023-06-21 05:55:58', '2023-06-21 05:55:58', 9, 1, 1),
(38, 20, 500.00, 5, '2023-06-21 05:57:25', '2023-06-21 05:57:25', 9, 0, 1),
(39, 4, 0.00, 5, '2023-06-21 05:57:54', '2023-06-21 05:57:54', 9, 0, 1),
(40, 11, 1500.00, 5, '2023-06-21 06:00:53', '2023-06-21 06:01:37', 9, 1, 1),
(41, 12, 1900.00, 5, '2023-06-21 06:01:25', '2023-06-21 06:01:25', 9, 0, 1),
(42, 21, 0.00, 5, '2023-06-21 06:02:36', '2023-06-21 06:02:36', 9, 0, 1),
(43, 22, 2000.00, 5, '2023-06-21 06:15:16', '2023-06-21 06:15:16', 9, 0, 1),
(44, 23, 1700.00, 5, '2023-06-21 06:16:14', '2023-06-21 06:16:14', 9, 0, 1),
(45, 24, 1400.00, 5, '2023-06-21 06:20:24', '2023-06-21 06:20:24', 9, 0, 1),
(46, 25, 1900.00, 5, '2023-06-21 06:20:56', '2023-06-21 06:20:56', 9, 1, 1),
(47, 26, 2500.00, 5, '2023-06-21 06:21:24', '2023-06-21 06:21:24', 9, 0, 1),
(48, 27, 3500.00, 5, '2023-06-21 06:22:07', '2023-06-21 06:22:07', 9, 0, 1),
(49, 13, 0.00, 5, '2023-06-21 06:22:39', '2023-06-21 06:22:39', 9, 0, 1),
(50, 14, 34.00, 5, '2023-06-21 06:23:38', '2023-06-21 06:23:38', 9, 0, 1),
(51, 15, 12.00, 5, '2023-06-21 06:24:04', '2023-06-21 06:24:04', 9, 0, 1),
(52, 28, 1100.00, 5, '2023-06-21 07:28:30', '2023-06-21 07:28:30', 2, 0, 1),
(53, 10, 3500.00, 5, '2023-06-21 07:30:13', '2023-06-21 07:30:13', 2, 0, 1),
(54, 11, 3500.00, 5, '2023-06-21 07:30:51', '2023-06-21 07:30:51', 2, 0, 1),
(55, 12, 4500.00, 5, '2023-06-21 07:31:27', '2023-06-21 07:31:27', 2, 0, 1),
(56, 13, 0.00, 5, '2023-06-21 07:31:53', '2023-06-21 07:31:53', 2, 0, 1),
(57, 14, 34.00, 5, '2023-06-21 07:32:21', '2023-06-21 07:32:21', 2, 0, 1),
(58, 15, 12.00, 5, '2023-06-21 07:32:50', '2023-06-21 07:32:50', 2, 0, 1),
(59, 11, 1700.00, 5, '2023-06-21 07:33:49', '2023-06-21 07:33:49', 6, 0, 1),
(60, 12, 2000.00, 5, '2023-06-21 07:34:28', '2023-06-21 07:34:28', 6, 0, 1),
(61, 14, 0.00, 5, '2023-06-21 07:34:58', '2023-06-21 07:34:58', 6, 0, 1),
(62, 14, 34.00, 5, '2023-06-21 07:35:11', '2023-06-21 07:35:11', 6, 0, 1),
(63, 15, 12.00, 5, '2023-06-21 07:35:20', '2023-06-21 07:35:20', 6, 0, 1),
(64, 10, 4500.00, 5, '2023-06-21 07:37:40', '2023-06-21 07:37:40', 4, 0, 1),
(65, 11, 6000.00, 5, '2023-06-21 07:38:15', '2023-06-21 07:38:15', 4, 0, 1),
(66, 12, 9000.00, 5, '2023-06-21 07:38:46', '2023-06-21 07:38:46', 4, 0, 1),
(67, 13, 0.00, 5, '2023-06-21 07:39:14', '2023-06-21 07:39:14', 4, 0, 1),
(68, 14, 34.00, 5, '2023-06-21 07:39:38', '2023-06-21 07:39:38', 4, 0, 1),
(69, 15, 12.00, 5, '2023-06-21 07:39:53', '2023-06-21 07:39:53', 4, 0, 1),
(70, 29, 1550.00, 5, '2023-06-21 07:41:39', '2023-06-21 07:41:39', 4, 0, 1),
(71, 2, 700.00, 5, '2023-06-21 07:47:52', '2023-06-21 07:47:52', 8, 1, 1),
(72, 3, 750.00, 5, '2023-06-21 07:48:43', '2023-06-21 07:48:43', 8, 1, 1),
(73, 4, 0.00, 5, '2023-06-21 07:49:17', '2023-06-21 07:49:17', 8, 0, 1),
(74, 9, 500.00, 5, '2023-06-21 07:50:23', '2023-06-21 07:50:23', 8, 1, 1),
(75, 8, 700.00, 5, '2023-06-21 07:50:45', '2023-06-21 07:50:45', 8, 0, 1),
(76, 10, 5000.00, 5, '2023-06-21 07:51:04', '2023-06-21 07:51:04', 8, 0, 1),
(77, 11, 4500.00, 5, '2023-06-21 07:51:39', '2023-06-21 07:51:39', 8, 0, 1),
(78, 12, 5500.00, 5, '2023-06-21 07:52:13', '2023-06-21 07:52:13', 8, 0, 1),
(79, 13, 0.00, 5, '2023-06-21 07:53:30', '2023-06-21 07:53:30', 8, 0, 1),
(80, 14, 34.00, 5, '2023-06-21 07:54:01', '2023-06-21 07:54:01', 8, 0, 1),
(81, 15, 12.00, 5, '2023-06-21 07:55:16', '2023-06-21 07:55:16', 8, 0, 1),
(82, 2, 1200.00, 5, '2023-06-21 07:56:09', '2023-06-21 07:56:09', 10, 1, 1),
(83, 3, 900.00, 5, '2023-06-21 07:56:40', '2023-06-21 07:56:40', 10, 1, 1),
(84, 30, 750.00, 5, '2023-06-21 07:58:06', '2023-06-21 07:58:06', 10, 0, 1),
(85, 4, 0.00, 5, '2023-06-21 07:58:40', '2023-06-21 07:58:40', 10, 0, 1),
(86, 9, 750.00, 5, '2023-06-21 07:59:08', '2023-06-21 07:59:08', 10, 1, 1),
(87, 8, 950.00, 5, '2023-06-21 07:59:31', '2023-06-21 07:59:31', 10, 0, 1),
(88, 10, 5000.00, 5, '2023-06-21 07:59:58', '2023-06-21 07:59:58', 10, 0, 1),
(89, 11, 6500.00, 5, '2023-06-21 08:01:08', '2023-06-21 08:01:08', 10, 0, 1),
(90, 12, 7500.00, 5, '2023-06-21 08:01:56', '2023-06-21 08:01:56', 10, 0, 1),
(91, 13, 0.00, 5, '2023-06-21 08:02:39', '2023-06-21 08:02:39', 10, 0, 1),
(92, 14, 32.00, 5, '2023-06-21 08:03:18', '2023-06-21 08:03:18', 10, 0, 1),
(93, 15, 12.00, 5, '2023-06-21 08:03:34', '2023-06-21 08:03:34', 10, 0, 1),
(94, 2, 750.00, 5, '2023-06-21 08:04:23', '2023-06-21 08:04:23', 3, 1, 1),
(95, 3, 500.00, 5, '2023-06-21 08:04:56', '2023-06-21 08:04:56', 3, 0, 1),
(96, 4, 0.00, 5, '2023-06-21 08:05:29', '2023-06-21 08:05:29', 3, 0, 1),
(97, 7, 1200.00, 5, '2023-06-21 08:06:02', '2023-06-21 08:06:02', 3, 1, 1),
(98, 19, 1500.00, 5, '2023-06-21 08:06:28', '2023-06-21 08:06:28', 3, 0, 1),
(99, 28, 1700.00, 5, '2023-06-21 08:06:54', '2023-06-21 08:06:54', 3, 0, 1),
(100, 10, 3500.00, 5, '2023-06-21 08:07:08', '2023-06-21 08:07:08', 3, 0, 1),
(101, 11, 1500.00, 5, '2023-06-21 08:07:50', '2023-06-21 08:07:50', 3, 0, 1),
(102, 12, 3500.00, 5, '2023-06-21 08:08:37', '2023-06-21 08:08:37', 3, 0, 1),
(103, 13, 0.00, 5, '2023-06-21 08:08:49', '2023-06-21 08:08:49', 3, 0, 1),
(104, 14, 32.00, 5, '2023-06-21 08:09:01', '2023-06-21 08:09:01', 3, 0, 1),
(105, 15, 12.00, 5, '2023-06-21 08:09:12', '2023-06-21 08:09:12', 3, 0, 1);

-- --------------------------------------------------------

--
-- Структура таблицы `calc_modules`
--

CREATE TABLE `calc_modules` (
  `id` bigint(20) UNSIGNED NOT NULL,
  `title` varchar(191) COLLATE utf8mb4_unicode_ci NOT NULL,
  `description` text COLLATE utf8mb4_unicode_ci NOT NULL,
  `category_id` bigint(20) UNSIGNED NOT NULL,
  `created_at` timestamp NULL DEFAULT NULL,
  `updated_at` timestamp NULL DEFAULT NULL
) ENGINE=InnoDB DEFAULT CHARSET=utf8mb4 COLLATE=utf8mb4_unicode_ci;

--
-- Дамп данных таблицы `calc_modules`
--

INSERT INTO `calc_modules` (`id`, `title`, `description`, `category_id`, `created_at`, `updated_at`) VALUES
(5, 'Создание интернет-сайтов под ключ цены', 'Наши экспресс-цены – это стоимость по которым мы предлагаем концепцию с точки зрения нашего опыта и наработок без вмешательства Заказчика в ядро функциональности. Если Вам требуется строго индивидуальный функционал и макет по техническому заданию, то стоимость будет договорная по человеко-часам, согласно среднему тарифу на разработку сайта – 30-50р. час в зависимости от вида работ.', 1, '2023-04-09 05:20:03', '2023-04-09 15:07:12'),
(6, 'Программирование на Laravel цена, стоимость в Минске', 'Стоимость услуг php-программиста договорная по человеко-часам, по тарифу 10-20р. час в зависимости от вида работ.', 2, '2023-04-09 05:22:40', '2023-04-09 15:07:49'),
(7, 'Создание интернет-магазина под ключ цены', 'Наши экспресс-цены – это стоимость по которым мы предлагаем концепцию с точки зрения нашего опыта и наработок без вмешательства Заказчика в ядро функциональности. Если Вам требуется строго индивидуальный функционал и макет по техническому заданию, то стоимость будет договорная по человеко-часам, согласно среднему тарифу на разработку сайта – 30-50р. час в зависимости от вида работ.', 9, '2023-06-27 08:05:03', '2023-06-27 11:23:23');

-- --------------------------------------------------------

--
-- Структура таблицы `calc_titles`
--

CREATE TABLE `calc_titles` (
  `id` bigint(20) UNSIGNED NOT NULL,
  `title` varchar(191) COLLATE utf8mb4_unicode_ci NOT NULL,
  `created_at` timestamp NULL DEFAULT NULL,
  `updated_at` timestamp NULL DEFAULT NULL,
  `calc_classes_id` bigint(20) UNSIGNED NOT NULL,
  `calc_type_id` bigint(20) UNSIGNED NOT NULL
) ENGINE=InnoDB DEFAULT CHARSET=utf8mb4 COLLATE=utf8mb4_unicode_ci;

--
-- Дамп данных таблицы `calc_titles`
--

INSERT INTO `calc_titles` (`id`, `title`, `created_at`, `updated_at`, `calc_classes_id`, `calc_type_id`) VALUES
(2, 'Верстка дизайна', '2023-04-10 14:35:52', '2023-04-29 05:32:28', 4, 20),
(3, 'Наполнение', '2023-04-14 05:01:08', '2023-04-14 05:01:08', 4, 20),
(4, 'Установка и настройка системы управления CMS:', '2023-04-14 06:29:37', '2023-04-14 06:46:00', 4, 21),
(7, 'OpenCart ocStore', '2023-04-14 07:12:45', '2023-04-14 07:12:45', 5, 16),
(8, 'WordPress', '2023-04-21 11:03:19', '2023-04-21 11:03:19', 6, 16),
(9, 'Joomla', '2023-04-29 05:24:29', '2023-04-29 05:26:06', 3, 16),
(10, '1с-Битрикс', '2023-04-29 05:33:45', '2023-04-29 05:36:16', 7, 16),
(11, 'Фреймворк Laravel', '2023-04-29 05:45:26', '2023-06-21 06:18:35', 8, 16),
(12, 'Нативный php', '2023-04-29 05:48:39', '2023-06-21 06:18:42', 10, 16),
(13, 'Веб-сервер:', '2023-04-29 06:10:57', '2023-06-21 06:12:39', 4, 20),
(14, 'Доменное имя', '2023-04-29 06:12:40', '2023-04-29 06:12:40', 4, 20),
(15, 'Хостинг на месяц', '2023-04-29 06:12:58', '2023-04-29 06:12:58', 4, 20),
(16, 'Доска объявлений', '2023-05-19 04:21:53', '2023-05-19 04:21:53', 4, 20),
(17, 'Новостной блог', '2023-05-19 04:23:47', '2023-05-19 04:23:47', 4, 20),
(18, 'Форум', '2023-05-19 04:24:59', '2023-05-19 04:24:59', 4, 20),
(19, 'Virtuemart Joomla', '2023-06-13 15:25:41', '2023-06-13 15:25:41', 11, 16),
(20, 'Написание тех. задания', '2023-06-21 05:57:03', '2023-06-21 05:57:03', 4, 20),
(21, 'Тип программы:', '2023-06-21 06:02:17', '2023-06-21 06:03:06', 4, 21),
(22, 'Торговый бот по API биржи', '2023-06-21 06:04:11', '2023-06-21 06:18:55', 4, 20),
(23, 'Telegram бот под API', '2023-06-21 06:05:02', '2023-06-21 06:19:02', 4, 20),
(24, 'Парсер данных и файлов', '2023-06-21 06:05:37', '2023-06-21 06:19:11', 4, 20),
(25, 'Разработка CMS', '2023-06-21 06:05:52', '2023-06-21 06:19:18', 4, 20),
(26, 'Разработка журнала учета', '2023-06-21 06:06:09', '2023-06-21 06:19:25', 4, 20),
(27, 'Разработка ERP-сервиса', '2023-06-21 06:06:47', '2023-06-21 06:19:29', 4, 20),
(28, 'WooCommerce WordPress', '2023-06-21 07:27:32', '2023-06-21 07:28:01', 12, 16),
(29, 'Настройка Ubuntu Server', '2023-06-21 07:41:06', '2023-06-21 07:42:24', 4, 20),
(30, 'Версия для слабовидящих', '2023-06-21 07:57:40', '2023-06-21 07:57:40', 4, 20);

-- --------------------------------------------------------

--
-- Структура таблицы `calc_types`
--

CREATE TABLE `calc_types` (
  `id` bigint(20) UNSIGNED NOT NULL,
  `title` varchar(191) COLLATE utf8mb4_unicode_ci NOT NULL,
  `created_at` timestamp NULL DEFAULT NULL,
  `updated_at` timestamp NULL DEFAULT NULL
) ENGINE=InnoDB DEFAULT CHARSET=utf8mb4 COLLATE=utf8mb4_unicode_ci;

--
-- Дамп данных таблицы `calc_types`
--

INSERT INTO `calc_types` (`id`, `title`, `created_at`, `updated_at`) VALUES
(16, 'radio', '2023-04-06 04:55:51', '2023-04-06 04:55:51'),
(20, 'checkbox', '2023-04-06 04:59:08', '2023-04-06 04:59:08'),
(21, 'Без типа', '2023-04-14 06:06:04', '2023-04-14 06:06:04');

-- --------------------------------------------------------

--
-- Структура таблицы `categories`
--

CREATE TABLE `categories` (
  `id` bigint(20) UNSIGNED NOT NULL,
  `title` varchar(191) COLLATE utf8mb4_unicode_ci NOT NULL,
  `slug` varchar(191) COLLATE utf8mb4_unicode_ci NOT NULL,
  `meta_title` varchar(191) COLLATE utf8mb4_unicode_ci DEFAULT NULL,
  `meta_desc` varchar(191) COLLATE utf8mb4_unicode_ci DEFAULT NULL,
  `created_at` timestamp NULL DEFAULT NULL,
  `updated_at` timestamp NULL DEFAULT NULL,
  `status` tinyint(4) NOT NULL DEFAULT '1',
  `parrent_id` int(10) UNSIGNED NOT NULL DEFAULT '0',
  `show` tinyint(1) NOT NULL DEFAULT '1',
  `menu_type_id` int(11) NOT NULL DEFAULT '2',
  `class` varchar(191) COLLATE utf8mb4_unicode_ci DEFAULT NULL,
  `landing` tinyint(1) NOT NULL DEFAULT '0'
) ENGINE=InnoDB DEFAULT CHARSET=utf8mb4 COLLATE=utf8mb4_unicode_ci;

--
-- Дамп данных таблицы `categories`
--

INSERT INTO `categories` (`id`, `title`, `slug`, `meta_title`, `meta_desc`, `created_at`, `updated_at`, `status`, `parrent_id`, `show`, `menu_type_id`, `class`, `landing`) VALUES
(1, 'Создание сайтов', 'sozdanie-saitov', 'Создание сайтов Минск, разработка сайта от 286 BYN', 'Разработка и 🛠 создание сайтов ✅ под ключ. ☎️ Заказать сайт 💰 СКИДКА -30%. ⏩ Joomla ⏩ Laravel ⏩ WP ⏩ ocStore ⏩ Bitrix. Опыт ⌛ более 10 лет.', '2023-04-02 08:09:14', '2023-06-13 05:46:04', 1, 6, 1, 1, NULL, 0),
(2, 'PHP-программист', 'veb-programmist', 'PHP-программист Laravel в Минске', 'Веб-разработка на Laravel ✅ под ключ ✅ в Минске ✅ цена. ☎️ Заказать веб-разработку сайта', '2023-04-09 05:50:43', '2023-06-22 06:19:19', 1, 1, 1, 2, 'fa fa-screwdriver-wrench', 0),
(4, 'Продвижение сайтов', 'prodvizenie-saitov', 'Продвижение сайтов', 'Продвижение сайтов', '2023-06-06 10:22:07', '2023-06-06 14:55:23', 1, 1, 0, 2, '', 0),
(5, 'Раскрутка сайта', 'raskrutka-saita', '54354343 34 543 534 34 5345', '543534545 345 345 34 54 45', '2023-06-06 16:35:46', '2023-06-06 16:35:46', 1, 4, 0, 2, '', 0),
(6, 'Услуги', 'uslugi', 'УслугиУслугиУслугиУслугиУслуги', 'УслугиУслугиУслугиУслугиУслугиУслуги', '2023-06-07 04:47:36', '2023-06-26 10:35:27', 1, 0, 1, 3, NULL, 0),
(7, 'Продвижение сайтов', 'sozdanie-saitovsozdanie-saitov', 'Создание сайтовСоздание сайтовСоздание сайтовСоздание сайтов', 'Создание сайтовСоздание сайтовСоздание сайтовСоздание сайтов', '2023-06-07 04:48:29', '2023-06-09 07:09:23', 1, 6, 1, 1, NULL, 0),
(9, 'Интернет-магазин', 'internet-magazininternet-magazin', 'Сделать, заказать интернет-магазин в Минске под ключ', 'Создание интернет-магазина ✅ под ключ ✅ цена, стоимость ⏩ в Минске. ☎️ Сделать, заказать интернет-магазин', '2023-06-07 04:49:57', '2023-06-26 10:37:08', 1, 1, 1, 2, 'fa fa-cart-plus', 0),
(10, 'Портфолио', '#folio', '453453453453443534', '4534534534534534543', '2023-06-08 08:53:53', '2023-06-26 07:40:37', 1, 0, 1, 3, NULL, 1),
(11, 'Цены', '#cena', '43534534543534', '433454354354353534', '2023-06-08 08:54:35', '2023-06-26 07:40:18', 1, 0, 1, 3, NULL, 1),
(12, 'О нас', 'o-nas', 'О насО насО нас', 'О насО насО насО нас', '2023-06-08 08:55:04', '2023-06-08 08:55:04', 1, 0, 1, 3, '', 0);

-- --------------------------------------------------------

--
-- Структура таблицы `failed_jobs`
--

CREATE TABLE `failed_jobs` (
  `id` bigint(20) UNSIGNED NOT NULL,
  `uuid` varchar(191) COLLATE utf8mb4_unicode_ci NOT NULL,
  `connection` text COLLATE utf8mb4_unicode_ci NOT NULL,
  `queue` text COLLATE utf8mb4_unicode_ci NOT NULL,
  `payload` longtext COLLATE utf8mb4_unicode_ci NOT NULL,
  `exception` longtext COLLATE utf8mb4_unicode_ci NOT NULL,
  `failed_at` timestamp NOT NULL DEFAULT CURRENT_TIMESTAMP
) ENGINE=InnoDB DEFAULT CHARSET=utf8mb4 COLLATE=utf8mb4_unicode_ci;

-- --------------------------------------------------------

--
-- Структура таблицы `menu_types`
--

CREATE TABLE `menu_types` (
  `id` bigint(20) UNSIGNED NOT NULL,
  `type` varchar(191) COLLATE utf8mb4_unicode_ci NOT NULL,
  `created_at` timestamp NULL DEFAULT NULL,
  `updated_at` timestamp NULL DEFAULT NULL
) ENGINE=InnoDB DEFAULT CHARSET=utf8mb4 COLLATE=utf8mb4_unicode_ci;

--
-- Дамп данных таблицы `menu_types`
--

INSERT INTO `menu_types` (`id`, `type`, `created_at`, `updated_at`) VALUES
(1, 'Заголовок', NULL, NULL),
(2, 'Подменю', NULL, NULL),
(3, 'Корневая', NULL, NULL);

-- --------------------------------------------------------

--
-- Структура таблицы `migrations`
--

CREATE TABLE `migrations` (
  `id` int(10) UNSIGNED NOT NULL,
  `migration` varchar(191) COLLATE utf8mb4_unicode_ci NOT NULL,
  `batch` int(11) NOT NULL
) ENGINE=InnoDB DEFAULT CHARSET=utf8mb4 COLLATE=utf8mb4_unicode_ci;

--
-- Дамп данных таблицы `migrations`
--

INSERT INTO `migrations` (`id`, `migration`, `batch`) VALUES
(1, '2014_10_12_000000_create_users_table', 1),
(2, '2014_10_12_100000_create_password_resets_table', 1),
(3, '2019_08_19_000000_create_failed_jobs_table', 1),
(4, '2022_01_26_133221_create_categories_table', 1),
(5, '2022_02_08_074825_create_posts_table', 1),
(6, '2022_02_08_082435_create_types_table', 1),
(7, '2023_01_26_101313_create_modules_table', 1),
(8, '2023_03_02_090526_create_calc_titles_table', 1),
(9, '2023_03_02_092232_create_calc_classes_table', 1),
(10, '2023_03_02_092523_create_calc_types_table', 1),
(11, '2023_03_03_095124_create_calc_modules_table', 1),
(12, '2023_04_03_085935_create_calc_items_table', 1),
(13, '2023_04_04_155156_add_title_to_calc_class_table', 2),
(14, '2023_04_10_111555_create_calc_categories_table', 3),
(15, '2023_04_10_131713_add_class_id_to_calc_categories', 4),
(16, '2023_04_10_170911_add_class_id_adn_type_id_to_calc_titles', 5),
(17, '2023_04_11_152003_correct_fields_to_calc_items', 6),
(18, '2023_04_20_090036_add_cheked_to_calc_items', 7),
(19, '2023_04_29_084000_del_field_description_to_calc_classes', 8),
(20, '2023_04_29_090405_del_fields_description_to_calc_items', 9),
(21, '2023_05_18_082137_add_field_is_admin_to_users', 10),
(22, '2023_06_06_090805_add_fields_is_public_and_parrent_id_to_categories_table', 11),
(23, '2023_06_07_080814_add_fields_show_menu_and_header_menu_to_categories_table', 12),
(24, '2023_06_07_163043_create_menu_types_table', 13),
(25, '2023_06_07_163846_del_column_header_to_categories_table', 14),
(26, '2023_06_08_141745_add_column_design_icon_to_categories_table', 15),
(27, '2023_06_26_100733_add_column_landing_to_categories_table', 16),
(28, '2023_06_27_134201_create_calc_category_calc_module_table', 17);

-- --------------------------------------------------------

--
-- Структура таблицы `modules`
--

CREATE TABLE `modules` (
  `id` bigint(20) UNSIGNED NOT NULL,
  `title` varchar(191) COLLATE utf8mb4_unicode_ci NOT NULL,
  `desc` text COLLATE utf8mb4_unicode_ci,
  `type_id` bigint(20) UNSIGNED NOT NULL,
  `category_id` bigint(20) UNSIGNED NOT NULL,
  `created_at` timestamp NULL DEFAULT NULL,
  `updated_at` timestamp NULL DEFAULT NULL
) ENGINE=InnoDB DEFAULT CHARSET=utf8mb4 COLLATE=utf8mb4_unicode_ci;

--
-- Дамп данных таблицы `modules`
--

INSERT INTO `modules` (`id`, `title`, `desc`, `type_id`, `category_id`, `created_at`, `updated_at`) VALUES
(1, '6 ПРИЧИН СДЕЛАТЬ, ЗАКАЗАТЬ САЙТ У НАС', NULL, 4, 1, '2023-04-02 08:55:58', '2023-05-24 07:56:00'),
(2, 'Как сделать сайт на заказ', '<p>Рекомендуем заранее подготовить информацию, которую вы планируете разместить на интернет-площадке. Сгруппируйте её по папкам, сохраните в архив и отправьте на почту info@byweb.by</p>', 7, 1, '2023-05-24 06:39:02', '2023-05-24 06:39:02'),
(3, 'ОТЗЫВЫ ПО РАЗРАБОТКЕ САЙТА', NULL, 8, 1, '2023-05-25 05:18:23', '2023-05-26 04:37:32'),
(4, '6 причин заказать веб-разработку на Laravel', NULL, 4, 2, '2023-06-09 08:03:08', '2023-06-09 08:03:08'),
(5, 'Этапы веб-разработки в нашем агентстве', NULL, 10, 2, '2023-06-23 08:30:30', '2023-06-23 12:59:03'),
(6, '6 причин сделать, заказать создание интернет-магазина у нас', NULL, 4, 9, '2023-06-26 10:41:55', '2023-06-26 10:41:55');

-- --------------------------------------------------------

--
-- Структура таблицы `password_resets`
--

CREATE TABLE `password_resets` (
  `email` varchar(191) COLLATE utf8mb4_unicode_ci NOT NULL,
  `token` varchar(191) COLLATE utf8mb4_unicode_ci NOT NULL,
  `created_at` timestamp NULL DEFAULT NULL
) ENGINE=InnoDB DEFAULT CHARSET=utf8mb4 COLLATE=utf8mb4_unicode_ci;

-- --------------------------------------------------------

--
-- Структура таблицы `posts`
--

CREATE TABLE `posts` (
  `id` bigint(20) UNSIGNED NOT NULL,
  `title` varchar(191) COLLATE utf8mb4_unicode_ci NOT NULL,
  `slug` varchar(191) COLLATE utf8mb4_unicode_ci NOT NULL,
  `type_id` int(10) UNSIGNED NOT NULL,
  `description` text COLLATE utf8mb4_unicode_ci,
  `content` text COLLATE utf8mb4_unicode_ci NOT NULL,
  `category_id` int(10) UNSIGNED NOT NULL,
  `thumbnail` varchar(191) COLLATE utf8mb4_unicode_ci DEFAULT NULL,
  `created_at` timestamp NULL DEFAULT NULL,
  `updated_at` timestamp NULL DEFAULT NULL
) ENGINE=InnoDB DEFAULT CHARSET=utf8mb4 COLLATE=utf8mb4_unicode_ci;

--
-- Дамп данных таблицы `posts`
--

INSERT INTO `posts` (`id`, `title`, `slug`, `type_id`, `description`, `content`, `category_id`, `thumbnail`, `created_at`, `updated_at`) VALUES
(1, 'Создание сайтов', 'sozdanie-saitov-slaider', 1, NULL, '<p>Веб-студия «БайВеб» оказывает весь спектр услуг по профессиональной разработке веб-сайтов под ключ с нуля.</p><h3>Разработка эффективного сайта</h3><h3><a href=\"tel:+375295573639\">+375&nbsp;(29) 557-36-39 (МТС)</a></h3><div class=\"raw-html-embed\"><p>\r\n    <a class=\"btn-slider\" href=\"#zakaz\">Заказать сайт</a>\r\n</p></div>', 1, 'images/sozdanie-saitov/sozdanie-saytov-v-minske.jpg', '2023-04-02 08:19:51', '2023-05-19 05:43:57'),
(2, 'Landing page', 'landing-page', 2, 'fa fa-wallet', '<p>Продающий сайт с системой управления и адаптивным дизайном под контекстную рекламу.</p>', 1, NULL, '2023-04-02 08:34:49', '2023-06-01 12:33:52'),
(3, 'Корпоративный сайт', 'korporativnyi-sait', 2, 'fa fa-building-flag', '<p>Изготовление сайта компании с новостным блогом, адаптивным дизайном и регистрацией.</p>', 1, NULL, '2023-04-02 08:44:42', '2023-06-01 12:33:01'),
(4, 'Интернет-магазин', 'internet-magazin', 2, 'fa fa-cart-plus\r\n|\r\n#', '<p>Разработка сайта магазина с корзиной товаров или без – каталога продукции (витрина товаров).</p>', 1, NULL, '2023-04-02 08:45:03', '2023-05-29 08:33:12'),
(5, 'Сайт-визитка', 'sait-vizitka', 2, 'fa fa-id-card|#', '<p>Создание продающего сайта под ключ в виде 5-10 продающих страниц, адаптивный дизайн.</p>', 1, NULL, '2023-04-02 08:45:22', '2023-05-29 08:39:17'),
(6, 'Разработка сайта', 'razrabotka-saita', 3, NULL, '<p>Студия ByWeb оказывает полный цикл услуг – создания сайтов под ключ, раскрутка по регионам Беларуси: Брест, Витебск, Гомель, Гродно, Могилев, Минск и России: Москва, СПБ. За годы непрерывного обучения и практики накопился опыт, который мы стараемся воплощать в своих проектах. Основной акцент – аналитика, юзабилити, оптимизация сайта и доступная подача контента для потребителя. Первоначально мы делаем оптимизацию, поэтому дальнейшее позиционирование в поисковых системах не будут затратными.</p><p>Поскольку клиентская база у нас на абонентском обслуживании более 50 отечественных и зарубежных компаний, мы понимаем всю ответственность своей работы и гарантировано реагируем на все заявки в рамках оказываемой <a href=\"https://byweb.by/uslugi/podderzhka-sajta\">технической поддержки</a>, что строго прописывается в договорных обязательствах с учётом штрафных санкций и сроков их исполнения. Клиенты, работающие с нами, получают полное <a href=\"https://byweb.by/uslugi/podderzhka-sajta\">сопровождение</a> на всех этапах работы в виде интерактивного удалённого консалтинга.</p><p>Еще один ведущий наш вид деятельности, который активно набирает обороты, – это информационная безопасность: <a href=\"https://byweb.by/uslugi/podderzhka-sajta/lechenie-sajtov\">лечение сайтов от вирусов</a>, поиск уязвимого кода и защита от взлома.</p><div class=\"raw-html-embed\"><div data-aos=\"flip-left\" data-aos-once=\"false\">\r\n<a class=\"btn\" href=\"#portfolio\">ПОРТФОЛИО</a> \r\n<a class=\"btn\" href=\"#zakaz\" data-aos=\"flip-left\" data-aos-once=\"false\" data-aos-delay=\"300\">Сделать сайт</a>\r\n</div></div>', 1, 'images/sozdanie-saitov/sozdanie-sajtov.jpg', '2023-04-02 08:47:30', '2023-04-02 08:49:57'),
(7, 'Техническое задание', 'texniceskoe-zadanie', 4, 'fa fa-align-justify', '<p>Написание технического задания с учётом глубокого анализа конкурентов и статистики запросов.</p><p><a href=\"/uslugi/tekhnicheskoe-zadanie\"><strong>Подробнее</strong></a></p>', 1, NULL, '2023-04-02 08:51:06', '2023-06-13 13:12:23'),
(8, 'Оптимизация сайтов', 'optimizaciya-saitov', 4, 'fa fa-gauge', '<p>Сделаем продающий проект на базе аналитики с поисковой оптимизацией под ключевые слова.</p><p><a href=\"/uslugi/optimizatsiya-sajta\"><strong>Перейти</strong></a></p>', 1, NULL, '2023-04-02 08:52:47', '2023-06-13 13:12:56'),
(9, 'Сайт объявлений', 'httpsobyavleniyaby', 5, 'https://obyavleniya.by/', '<p>https://obyavleniya.by/</p>', 1, 'images/sozdanie-saitov/400botwb.jpg', '2023-04-02 08:57:44', '2023-05-19 05:25:16'),
(10, 'Белаэронавигация', 'httpswwwbanby', 5, 'https://www.ban.by/', '<p>https://www.ban.by/</p>', 1, 'images/razrabotka-saita/400sozdanie-sajta-banby.jpg', '2023-04-02 08:58:15', '2023-05-19 05:37:37'),
(11, 'Создание сайтов по доступным ценам', 'main-under-price', 6, NULL, '<p>Цена на разработку сайта — это один из ключевых вопросов, интересующих многих потенциальных клиентов. Однако ответить на него можно, лишь получив предварительное видение задач сайта, функционала: каталога товаров, интернет-магазина, продающий сайт или сайт компании.</p><p>Опыт показывает: в природе не существует двух идентичных сайтов. Поэтому расчет стоимости и сроков реализации производится лишь после получения исходной информации от клиента.</p><p>В своей деятельности мы используем одну из самых прозрачных схем ценообразования сайта – заказчики должны чётко понимать за что платят деньги и по каким тарифам.</p><h3>Стоимость сайта</h3><p>Для кого-то стоимость должна быть как можно меньше, т.к. лишь начинает свой бизнес и не может вложить большое количество средств. Для других, наоборот – этот показатель качества и опыта фирмы. Но одно можно сказать исходя из опыта: цены очень разные, но все же чем выше, тем лучше. <strong>Почему?</strong> Платя низкую стоимость, Вы можете переплатить потом гораздо больше за различные доработки и исправления, тем более, если будете обращаться к другому программисту, т.к. порой бывает очень сложно разобраться в чужом коде.</p>', 1, 'images/razrabotka-saita/razrabotka-sajta-dlya-biznessa.jpg', '2023-05-19 04:54:06', '2023-05-19 05:01:15'),
(12, 'Разработка каталога продукции', 'razrabotka-kataloga-produkcii', 5, NULL, '<p>http://www.galsoptics.com/</p>', 1, 'images/razrabotka-saita/400gals-optic.jpg', '2023-05-22 06:51:09', '2023-05-22 06:51:43'),
(13, 'Выбор дизайна', 'vibor-design-main', 7, NULL, '<p>Укажите пример на создания веб-ресурса в сети Интернет, который вам понравился, и мы сделаем расчет стоимости аналога.</p>', 1, 'images/sozdanie-saitov/feature-1.jpg', '2023-05-24 06:43:31', '2023-05-24 06:43:31'),
(14, 'Согласование', 'soglasovanie', 7, NULL, '<p>Подпишите документы – договор на веб-разработку, продвижения и техническую поддержку.</p>', 1, 'images/sozdanie-saitov/feature-2.jpg', '2023-05-24 06:44:07', '2023-05-24 06:44:07'),
(15, 'Получение КП', 'poluchenie-kp', 7, NULL, '<p>Получите предложение и согласуйте будущий веб-дизайн, этапы работ, сопровождение.</p>', 1, 'images/sozdanie-saitov/feature-3.jpg', '2023-05-24 06:44:43', '2023-05-24 06:44:43'),
(16, 'Веб-программист Laravel', 'slider-programmer', 1, 'white', '<p>Веб-студия «БайВеб» оказывает весь спектр услуг по профессиональной веб-разработке приложений на Laravel под ключ</p><h3>Разработка эффективного сайта</h3><h3><a href=\"tel:+375295573639\">+375&nbsp;(29) 557-36-39 (МТС)</a></h3><div class=\"raw-html-embed\">\r\n            \r\n        \r\n    <p>\r\n                            <a class=\"btn-slider\" href=\"#zakaz\">Заказать проект</a>\r\n                    \r\n            \r\n    </p>\r\n</div>', 2, 'images/razrabotka-saita/web-programmist.jpg', '2023-05-24 08:00:24', '2023-06-23 06:46:45'),
(17, 'Интернет-магазин с фильтрацией товаров EvroTruba.by', 'evrotrubaby', 5, 'http://evrotruba.by/', '<p>http://evrotruba.by/</p>', 1, 'images/sozdanie-saitov/400evrotruba.jpg', '2023-05-24 09:52:38', '2023-05-24 09:52:38'),
(18, 'Сайт объявлений', 'ads', 5, 'https://obyavleniya.by/', '<p>https://obyavleniya.by/</p>', 1, 'images/sozdanie-saitov/400kupit-kvartiru.jpg', '2023-05-24 09:53:49', '2023-05-24 09:53:49'),
(19, 'Yartruba', 'yartruba', 5, '#', '<p>#</p>', 1, 'images/sozdanie-saitov/400yartruba-mini.jpg', '2023-05-24 09:54:46', '2023-05-24 09:54:46'),
(20, 'Vprok-tur', 'vprok-tur', 5, '#', '<p>#</p>', 1, 'images/sozdanie-saitov/400mini-vprok-tur.jpg', '2023-05-24 09:55:27', '2023-05-25 04:34:31'),
(22, 'Председатель Ассоциации застройщиков Беларуси', 'a-z', 8, '#', '<p>Благодарим Byweb за оказание услуг – это проектирование структуры и создание эффективного сайта и оригинальный творческий подход в улучшении по позициям в поисковой выдачи.</p>', 1, 'images/sozdanie-saitov/otzyv-sozdanie-sajta-az-mini.jpg', '2023-05-25 06:38:27', '2023-05-26 04:04:05'),
(23, 'Начальник управления КГБ', 'kgb', 8, NULL, '<p>От имени главного управления КГБ Республики Беларусь благодарим за индивидуальный подход и оперативность в оказании содействия в сфере услуги – изготовление корпоративных сайтов.</p>', 1, 'images/sozdanie-saitov/otzyv-kgb-mini.jpg', '2023-05-26 04:11:54', '2023-05-26 04:11:54'),
(24, 'ЧТУП \"Оазис Холода\"', 'oazis', 8, NULL, '<p>Работали с агентством сделали всё качественно. Запустили несколько сайтов и уже через два месяца поступали заказы - это связано с тем, что нужно было время на рост позиций в поисковых системах.</p>', 1, 'images/razrabotka-saita/otzyv-sozdanie-sajta-oh-mini.jpg', '2023-05-27 04:27:51', '2023-05-27 04:28:45'),
(25, 'Заказать создание сайта под ключ в Минске', 'home-zakaz', 9, NULL, '<p>Всегда рады ответить на все вопросы.</p>', 1, NULL, '2023-05-27 15:49:47', '2023-05-27 15:49:47'),
(26, 'ЗАКАЗАТЬ ВЕБ-ОРИЕНТИРОВАННОЕ ПРИЛОЖЕНИЕ НА LARAVEL', 'zakaz-laravel', 9, NULL, '<p>Выполняем работу по тех. заданию</p>', 2, NULL, '2023-06-01 12:38:13', '2023-06-01 12:39:03'),
(27, 'PHP-программист Laravel + VUE', 'php-programmist-laravel-vue', 3, NULL, '<p>Мы разрабатываем уникальные технические веб-ориентированные программы с использованием стека технологий PHP, JS, фреймворки Laravel + VUE + Bootstrap. Торговые <a href=\"https://bot-webmoney.best-website-development.com\">боты&nbsp;WebMoney</a>, Bitfinex, чат-боты для telegram, разработка микросервисов, файловые библиотеки, автоматизированные парсеры для наполнения веб-ресурса или выгрузки xml, json, csv. Разработка систем управлений сайтом. Создание API-библиотек, REST и технической документации, интеграции со сторонними API. Стоит отметить, что уникальные веб-приложения адаптированы исключительно под нужды заказчика и обеспечивают быстроту работы, они безопасны в плане веб-атак, поскольку исходный код не в публичном доступе. Также замечено, что сайты на фреймворках лучше ранжируется в поисковых системах из-за скорости работы и гибкости.</p><div class=\"raw-html-embed\"><div style=\"text-align: center;\">\r\n  <a class=\"btn btn-primary btn2\" href=\"/uslugi/veb-programmist/bot-webmoney-exchanger\">Бот Webmoney</a></div></div><p>Не стоит забывать, что уже сегодня мобильный трафик составляет более 70% процентов потенциальных клиентов, поэтому мы внедряем только адаптивные сайты и веб-ориентированные приложения под мобильные устройства, планшеты и любые разрешения экрана.</p><p>PHP веб-разработка необходима если вы хотите увеличить продажи, создать уникальный веб-сервис или рассказать о своей услугах потенциальным клиентам, сделать чат-бота в мессенджере телеграм. Следует отметить, что веб-разработка проекта, поисковая оптимизация с помощью Digital-агентства ByWeb, помогло заложить твердый фундамент многим организациям, которые нуждались в четком позиционировании и быть на высоте среди конкурентов.</p><p><strong>Веб-разработка</strong> технических сайтов для любой компании должна осуществляться строго по стратегическому выверенному плану, поэтому мы можем подготовить <a href=\"https://byweb.by/uslugi/tekhnicheskoe-zadanie\">техническое задание</a> с прототипированием функциональности. Далее, в случае заказа у нас, данное техническое задание включается в стоимость веб-разработки, либо вы сможете его использовать для заказа ве-ресурса у других разработчиков, при этом мы можем писать ТЗ под Java (\'Джава\'), PHP (ПХР), Python (\'Пайтон\') и популярные фреймворки - Yii2 (\'Уии\'), Laravel (\'Ларавел\'), Django (\'Джанго\'), Spring (\'Спринг\') и т.д., а также CMS - Joomla (\'Джумла\'), WordPress (\'Вордпрес\'), Drupal (\'Друпал\'), MODx (\'Мод Икс\'), 1с-Битрикс и т.д.</p><p><strong>Цели и задачи</strong> определяется исходя из вашей заявки на создание PHP-сайта или продвижения. Далее мы оцениваем объем работ и проводим анализ конкурентной среды вашего бизнеса и предоставляем конкретное коммерческое предложение не просто на уникальный сайт, а на полноценное IT-бизнес решение, как инструмент для успешного продвижения в сети Интернет.</p>', 2, 'images/razrabotka-saita/razrabotka-sajtov.jpg', '2023-06-09 07:57:05', '2023-06-09 07:58:03'),
(28, 'Аудит веб-приложения', 'audit-veb-prilozeniya', 4, 'fa fa-language', '<p>Перед началом работы мы проведём качественный аудит и анализ конкурентов и сделаем лучше, в рамках установленного бюджета.</p><p><a href=\"/uslugi/audit-sajta\"><strong>Подробнее</strong></a></p>', 2, NULL, '2023-06-09 08:04:06', '2023-06-13 13:11:23'),
(29, 'Дизайн сайтов', 'dizay-sayta', 4, 'fa fa-feather-pointed', '<p>Вы можете быть уверены в том, что адаптивные шаблоны сайтов подстроятся под любое формат экрана.</p><p><a href=\"/uslugi/veb-dizajn\"><strong>Перейти</strong></a></p>', 1, NULL, '2023-06-13 13:00:18', '2023-06-13 13:11:02'),
(30, 'Кроссбраузерность', 'crossbr', 4, 'fa fa-photo-film', '<p>Интерфейс сайтов будет отображаться в любом браузере правильно, благодаря грамотному коду.</p><p><a href=\"#portfolio\"><strong>Портфолио</strong></a></p>', 1, NULL, '2023-06-13 13:09:22', '2023-06-13 13:10:28'),
(31, 'Сопровождение', 'sopr', 4, 'fa fa-users-gear', '<p>Даём гарантию на весь срок службы сайтов, оперативно решаем поставленные задачи строго в срок.</p><p><a href=\"/uslugi/podderzhka-sajta\"><strong>Подробнее</strong></a></p>', 1, NULL, '2023-06-13 13:15:14', '2023-06-13 13:15:14'),
(32, 'Аналитика сайтов', 'anal', 4, 'fa fa-file-contract', '<p>Проводим анализ сайта перед проектированием, учитывая преимущества конкурентов из топ-10.</p><p><a href=\"/uslugi/audit-sajta\"><strong>Подробнее</strong></a></p>', 1, NULL, '2023-06-13 13:17:40', '2023-06-13 13:17:40'),
(33, 'Модульная система', 'modulnaya-sistema', 4, 'fa fa-hard-drive', '<p>Модульная система позволит создавать странички из блоков в стиле landing page на базе CMS, что дает возможность с легкостью создавать продающие страницы.</p><p><a href=\"/uslugi/veb-razrabotka/nastrojka-cms\"><strong>Подробнее</strong></a></p>', 2, NULL, '2023-06-22 06:16:49', '2023-06-22 07:57:45'),
(34, 'Адаптивный дизайн', 'adaptivnyi-dizain', 4, 'fa fa-laptop-file', '<p>Мы предлагаем адаптивный веб-дизайн под мобильные системы, смартфоны и планшеты, что даст увеличение трафика на 30%.</p><p><a href=\"/#portfolio\"><strong>Примеры</strong></a></p>', 2, NULL, '2023-06-23 04:25:25', '2023-06-23 04:26:24'),
(35, 'Парсинг контента', 'parsing-kontenta', 4, 'fa fa-file-code', '<p>Наши автоматизированные парсеры быстро наполнят ваш портал или интернет-магазин необходимой информацией.</p><p><a href=\"/uslugi/podderzhka-sajta\"><strong>Подробнее</strong></a></p>', 2, NULL, '2023-06-23 04:29:41', '2023-06-23 04:29:41'),
(36, 'Сопровождение', 'soprovozdenie', 4, 'fa fa-wrench', '<p>Даём гарантию на весь срок службы сайтов, оперативно решаем поставленные задачи строго в срок.</p><p><a href=\"/uslugi/podderzhka-sajta\"><strong>Подробнее</strong></a></p>', 2, NULL, '2023-06-23 04:31:58', '2023-06-23 04:32:16'),
(37, 'Аналитика сайтов', 'analitika-saitov', 4, 'fa fa-file-contract', '<p>Проводим анализ сайта перед проектированием, учитывая преимущества конкурентов из топ-10.</p><p><a href=\"/uslugi/audit-sajta\"><strong>Подробнее</strong></a></p>', 2, NULL, '2023-06-23 04:33:30', '2023-06-23 04:33:30'),
(38, 'Торговый бот webmoney под API WM Exchanger', 'torgovyi-bot-webmoney-pod-api-wm-exchanger', 5, '/uslugi/veb-programmist/bot-webmoney-exchanger', '<p>/uslugi/veb-programmist/bot-webmoney-exchanger</p>', 2, 'images/php-programmist/400bot-webmoney.jpg', '2023-06-23 06:20:49', '2023-06-23 06:23:03'),
(39, 'Разработка торгового бота под биржу Bitfinex', 'razrabotka-torgovogo-bota-pod-birzu-bitfinex', 5, '/kontakty', '<p>/kontakty</p>', 2, 'images/php-programmist/400bot-bf.jpg', '2023-06-23 06:22:45', '2023-06-23 06:28:42'),
(40, 'Частная кастомизация дизайна webmoney', 'castnaya-kastomizaciya-dizaina-webmoney', 5, 'https://youtu.be/-AGS-DHuIPI', '<p>https://youtu.be/-AGS-DHuIPI</p>', 2, 'images/php-programmist/400custom-wm.jpg', '2023-06-23 06:31:56', '2023-06-23 06:31:56'),
(41, 'Разработка на Laravel', 'razrabotka-na-laravel', 5, '/kontakty', '<p>/kontakty</p>', 2, 'images/php-programmist/400laravel.jpg', '2023-06-23 06:32:58', '2023-06-23 06:32:58'),
(42, 'Разработка файлового хранилища для СУОТ', 'razrabotka-failovogo-xranilishha-dlya-suot', 5, '/kontakty', '<p>/kontakty</p>', 2, 'images/php-programmist/400suot.jpg', '2023-06-23 06:33:57', '2023-06-23 06:33:57'),
(43, 'Парсинг данных в базу Joomla + файлов на хостинг', 'parsing-dannyx-v-bazu-joomla-failov-na-xosting', 5, '/kontakty', '<p>/kontakty</p>', 2, 'images/php-programmist/400pars.jpg', '2023-06-23 06:35:28', '2023-06-23 06:35:28'),
(44, 'Разработка журнала учета сверхлегких воздушных судов', 'razrabotka-zurnala-uceta-sverxlegkix-vozdusnyx-sudov', 5, '/kontakty', '<p>/kontakty</p>', 2, 'images/php-programmist/400sla.jpg', '2023-06-23 06:36:20', '2023-06-23 06:36:20'),
(45, 'Анализ сайта', 'analiz-saita', 10, 'fa fa-search', '<h3>Веб-исследование</h3><p>На этом этапе мы проводим аудит сайта и планирование структуры, таким образом, чтобы проработать удобное юзабилити и поднять продающую составляющую.</p>', 2, 'images/php-programmist/audit.jpg', '2023-06-23 08:44:06', '2023-06-23 11:29:33'),
(46, 'Проектирование сайта', 'proektirovanie-saita', 10, 'fa fa-laptop-code', '<h3>Разработка технического задания</h3><p>Готовим техническое задание и графическое прототипирование сайта.</p>', 2, 'images/php-programmist/razrabotka-tz.jpg', '2023-06-23 12:39:01', '2023-06-23 12:58:03'),
(47, 'Веб-дизайн и шаблон сайта', 'veb-dizain-i-sablon-saita', 10, 'fa fa-feather-alt', '<h3>Верстаем веб-интерфейс</h3><p>Создаем шаблон адаптивного дизайна под планшеты и мобильные системы.</p>', 2, 'images/php-programmist/razrabotka-tz.jpg', '2023-06-26 05:29:39', '2023-06-26 05:32:54'),
(48, 'Настройка CMS', 'nastroika-cms', 10, 'fa fa-screwdriver-wrench', '<h3>Система управления сайтом</h3><p>Устанавливаем и настраиваем систему управления сайтом: Joomla (\"Джумла\"), WordPress (\"ВордПресс\"), 1c-Битрикс (Bitrix), OpenCart ocStore (\"ОпенКарт Осторе\"), Laravel (\"Ларавел\"), Yii2 (\"Уии2\"), PHP (\"ПХП\").</p>', 2, 'images/php-programmist/nastroyka-cms.jpg', '2023-06-26 05:35:17', '2023-06-26 05:35:17'),
(49, 'SEO раскрутка в ТОП-10', 'seo-raskrutka-v-top-10', 10, 'fa fa-search', '<h3>Вывод домена в топ-10 поиска</h3><p>Окончательная оптимизация и SEO раскрутка в поисковых системах.</p>', 2, 'images/php-programmist/seo.jpg', '2023-06-26 05:37:22', '2023-06-26 05:40:11'),
(50, 'Заказать интернет магазин', 'zakazat-internet-magazin', 3, NULL, '<p>Мы можем предложить для Вас сделать интернет-магазин под ключ на базе систем управления CMS: 1с-Битрикс, ocStore (Opencart), Joomla (Virtuemart) , а также разработать уникальный - с нуля на Laravel, либо на чистом PHP, соблюдая принципы ООП паттерн \"MVC + lang\", в соответствии с техническим&nbsp;заданием.</p><p>Разработка и создание интернет-магазина минимизирует эксплуатационные расходы и обеспечивает высокую эффективность от продаж и возможность приёма круглосуточных заказов благодаря глубокой внутренней и внешней оптимизации.</p><p>Разработка и создание интернет-магазина является сложным процессом и гибким приложением в нашем исполнении, которое отвечает самым взыскательным требованиям. По окончании всех работ вы получите хорошо индексируемый, адаптивный интернет-магазин с Ajax-фильтрами (выборка товаров без перезагрузки страниц). Данным онлайн-продуктом вы сможете управлять самостоятельно, без помощи веб-программистов. Для этого каждый интернет-магазин, сделанный в ByWeb, снабжён удобной системой администрирования контентом на выбор: ocStore на базе Opencart, 1с-Битрикс, Joomla (компоненты virtuemart; DJ-Catalog; k2; JoomShoping), wordpress woocommerce, Laravel,&nbsp;Yii2. Вместе с конечной версией сайта в вашем распоряжении будет подробная документация и произведёно удалённое видеообучение маркетологов вашей компании.</p><div class=\"raw-html-embed\"><div class=\"center\"><a class=\"btn btn-primary\" href=\"#zakaz\">Заказать интернет-магазин</a></div></div>', 9, 'images/internet-magazin/Sozdanie-internet-magazina.jpg', '2023-06-26 10:38:51', '2023-06-26 10:40:47'),
(51, 'Гарантия на весь срок', 'garantiya-na-ves-srok', 4, 'fa fa-file-lines', '<p>В нашем решении, сайт обладает высоким уровнем безопасности и модульности, адаптивным дизайном под любые разрешения дисплея.</p><p><a href=\"/uslugi/podderzhka-sajta\"><strong>Подробнее</strong></a></p>', 9, NULL, '2023-06-26 10:44:30', '2023-06-26 10:44:30'),
(52, 'Корзина продукции', 'korzina-produkcii', 4, 'fa fa-cart-plus', '<p>Потенциальный клиент сможет самостоятельно поместить товары в корзину с расчетом итогового чека по доставке почтой или курьером.</p><p><a href=\"/uslugi/internet-magazin#fun\"><strong>Функциональность&nbsp;</strong></a></p>', 9, NULL, '2023-06-26 10:45:31', '2023-06-26 10:46:06'),
(53, 'Наполнение', 'napolnenie', 4, 'fa fa-pen-to-square', '<p>Наши специалисты наполнят каталог контентом и подготовят уникальное описание с изображениями и всё это будет сделано в соответствии с SEO-разметкой.</p><p><a href=\"/uslugi/seo-kopirajting#\"><strong>Перейти</strong></a></p>', 9, NULL, '2023-06-26 10:48:19', '2023-06-26 10:48:19'),
(54, 'Легкое администрирование', 'legkoe-administrirovanie', 4, 'fa fa-feather-pointed', '<p>Большие возможности администрирования с разделением прав на менеджеров, управляющих, дилеров и с разделением цен для разных групп покупателей и прочее.</p><p><a href=\"uslugi/programmirovanie/nastrojka-cms\"><strong>О системе управления</strong></a></p>', 9, NULL, '2023-06-26 11:18:12', '2023-06-26 11:18:12'),
(55, 'Модульно-блочная структура', 'modulno-blocnaya-struktura', 4, 'fa fa-sitemap', '<p>Удобные модули, которые можно назначать на разные страницы. Модули: новые товары, хиты продаж, популярное, наличие на складе и т.д.</p><p><a href=\"/uslugi/veb-razrabotka/nastrojka-cms\"><strong>Примеры</strong></a></p>', 9, NULL, '2023-06-27 07:58:48', '2023-06-27 07:58:48'),
(56, 'Адаптивный шаблон', 'adaptivnyi-sablon', 4, 'fa fa-mobile-screen-button', '<p>Мобильный ресурс порадует потенциальных заказчиков. Сайт быстро и правильно загрузится на устройствах с низким разрешением экрана.</p><p><a href=\"/uslugi/veb-dizajn\"><strong>Перейти</strong></a></p>', 9, NULL, '2023-06-27 08:01:41', '2023-06-27 08:01:41'),
(57, 'Сделать, заказать интернет-магазин', 'sdelat-zakazat-internet-magazin-pod-klyuc-v-minske', 9, NULL, '<p>&nbsp;под ключ в Минске</p>', 9, NULL, '2023-06-28 16:08:30', '2023-06-28 16:09:57');

-- --------------------------------------------------------

--
-- Структура таблицы `types`
--

CREATE TABLE `types` (
  `id` bigint(20) UNSIGNED NOT NULL,
  `title` varchar(191) COLLATE utf8mb4_unicode_ci NOT NULL,
  `created_at` timestamp NULL DEFAULT NULL,
  `updated_at` timestamp NULL DEFAULT NULL
) ENGINE=InnoDB DEFAULT CHARSET=utf8mb4 COLLATE=utf8mb4_unicode_ci;

--
-- Дамп данных таблицы `types`
--

INSERT INTO `types` (`id`, `title`, `created_at`, `updated_at`) VALUES
(1, 'Слайдер', '2023-04-02 08:19:16', '2023-04-02 08:19:16'),
(2, 'Полоса', '2023-04-02 08:34:10', '2023-04-02 08:34:10'),
(3, 'Главная статья', '2023-04-02 08:45:56', '2023-04-02 08:45:56'),
(4, 'Почему мы', '2023-04-02 08:50:27', '2023-04-02 08:50:27'),
(5, 'Галерея', '2023-04-02 08:57:06', '2023-04-02 08:57:06'),
(6, 'Блок под ценами', '2023-05-19 04:43:45', '2023-05-19 04:43:45'),
(7, 'Блок-над-отзывами', '2023-05-24 06:38:40', '2023-05-24 07:17:04'),
(8, 'Отзывы', '2023-05-25 05:02:03', '2023-05-25 05:02:03'),
(9, 'Заголовок подвала', '2023-05-27 15:49:06', '2023-05-27 16:00:22'),
(10, 'Этапы', '2023-06-23 08:20:33', '2023-06-23 08:20:33');

-- --------------------------------------------------------

--
-- Структура таблицы `users`
--

CREATE TABLE `users` (
  `id` bigint(20) UNSIGNED NOT NULL,
  `name` varchar(191) COLLATE utf8mb4_unicode_ci NOT NULL,
  `email` varchar(191) COLLATE utf8mb4_unicode_ci NOT NULL,
  `email_verified_at` timestamp NULL DEFAULT NULL,
  `password` varchar(191) COLLATE utf8mb4_unicode_ci NOT NULL,
  `remember_token` varchar(100) COLLATE utf8mb4_unicode_ci DEFAULT NULL,
  `created_at` timestamp NULL DEFAULT NULL,
  `updated_at` timestamp NULL DEFAULT NULL,
  `is_admin` tinyint(4) NOT NULL DEFAULT '0'
) ENGINE=InnoDB DEFAULT CHARSET=utf8mb4 COLLATE=utf8mb4_unicode_ci;

--
-- Дамп данных таблицы `users`
--

INSERT INTO `users` (`id`, `name`, `email`, `email_verified_at`, `password`, `remember_token`, `created_at`, `updated_at`, `is_admin`) VALUES
(1, 'admin', 'info@byweb.by', NULL, '$2y$10$vI0dM25Or7qDNkUnSxa6O.WAYWijSqDZbOJsAc6Okx8caAf2WgK32', NULL, '2023-05-18 05:51:34', '2023-05-18 05:51:34', 1);

--
-- Индексы сохранённых таблиц
--

--
-- Индексы таблицы `calc_categories`
--
ALTER TABLE `calc_categories`
  ADD PRIMARY KEY (`id`),
  ADD UNIQUE KEY `calc_categories_title_unique` (`title`),
  ADD KEY `calc_categories_calc_classes_id_foreign` (`calc_classes_id`);

--
-- Индексы таблицы `calc_category_calc_module`
--
ALTER TABLE `calc_category_calc_module`
  ADD PRIMARY KEY (`id`);

--
-- Индексы таблицы `calc_classes`
--
ALTER TABLE `calc_classes`
  ADD PRIMARY KEY (`id`),
  ADD UNIQUE KEY `calc_classes_title_unique` (`title`);

--
-- Индексы таблицы `calc_items`
--
ALTER TABLE `calc_items`
  ADD PRIMARY KEY (`id`),
  ADD KEY `calc_items_calc_title_id_foreign` (`calc_title_id`),
  ADD KEY `calc_items_calc_module_id_foreign` (`calc_module_id`),
  ADD KEY `calc_items_calc_category_id_foreign` (`calc_category_id`);

--
-- Индексы таблицы `calc_modules`
--
ALTER TABLE `calc_modules`
  ADD PRIMARY KEY (`id`),
  ADD KEY `calc_modules_category_id_foreign` (`category_id`);

--
-- Индексы таблицы `calc_titles`
--
ALTER TABLE `calc_titles`
  ADD PRIMARY KEY (`id`),
  ADD UNIQUE KEY `calc_titles_title_unique` (`title`),
  ADD KEY `calc_titles_calc_classes_id_foreign` (`calc_classes_id`),
  ADD KEY `calc_titles_calc_type_id_foreign` (`calc_type_id`);

--
-- Индексы таблицы `calc_types`
--
ALTER TABLE `calc_types`
  ADD PRIMARY KEY (`id`),
  ADD UNIQUE KEY `calc_types_title_unique` (`title`);

--
-- Индексы таблицы `categories`
--
ALTER TABLE `categories`
  ADD PRIMARY KEY (`id`),
  ADD UNIQUE KEY `categories_slug_unique` (`slug`);

--
-- Индексы таблицы `failed_jobs`
--
ALTER TABLE `failed_jobs`
  ADD PRIMARY KEY (`id`),
  ADD UNIQUE KEY `failed_jobs_uuid_unique` (`uuid`);

--
-- Индексы таблицы `menu_types`
--
ALTER TABLE `menu_types`
  ADD PRIMARY KEY (`id`);

--
-- Индексы таблицы `migrations`
--
ALTER TABLE `migrations`
  ADD PRIMARY KEY (`id`);

--
-- Индексы таблицы `modules`
--
ALTER TABLE `modules`
  ADD PRIMARY KEY (`id`),
  ADD KEY `modules_type_id_foreign` (`type_id`),
  ADD KEY `modules_category_id_foreign` (`category_id`);

--
-- Индексы таблицы `password_resets`
--
ALTER TABLE `password_resets`
  ADD KEY `password_resets_email_index` (`email`);

--
-- Индексы таблицы `posts`
--
ALTER TABLE `posts`
  ADD PRIMARY KEY (`id`),
  ADD UNIQUE KEY `posts_slug_unique` (`slug`);

--
-- Индексы таблицы `types`
--
ALTER TABLE `types`
  ADD PRIMARY KEY (`id`),
  ADD UNIQUE KEY `types_title_unique` (`title`);

--
-- Индексы таблицы `users`
--
ALTER TABLE `users`
  ADD PRIMARY KEY (`id`),
  ADD UNIQUE KEY `users_email_unique` (`email`);

--
-- AUTO_INCREMENT для сохранённых таблиц
--

--
-- AUTO_INCREMENT для таблицы `calc_categories`
--
ALTER TABLE `calc_categories`
  MODIFY `id` bigint(20) UNSIGNED NOT NULL AUTO_INCREMENT, AUTO_INCREMENT=11;

--
-- AUTO_INCREMENT для таблицы `calc_category_calc_module`
--
ALTER TABLE `calc_category_calc_module`
  MODIFY `id` bigint(20) UNSIGNED NOT NULL AUTO_INCREMENT, AUTO_INCREMENT=23;

--
-- AUTO_INCREMENT для таблицы `calc_classes`
--
ALTER TABLE `calc_classes`
  MODIFY `id` bigint(20) UNSIGNED NOT NULL AUTO_INCREMENT, AUTO_INCREMENT=13;

--
-- AUTO_INCREMENT для таблицы `calc_items`
--
ALTER TABLE `calc_items`
  MODIFY `id` bigint(20) UNSIGNED NOT NULL AUTO_INCREMENT, AUTO_INCREMENT=108;

--
-- AUTO_INCREMENT для таблицы `calc_modules`
--
ALTER TABLE `calc_modules`
  MODIFY `id` bigint(20) UNSIGNED NOT NULL AUTO_INCREMENT, AUTO_INCREMENT=8;

--
-- AUTO_INCREMENT для таблицы `calc_titles`
--
ALTER TABLE `calc_titles`
  MODIFY `id` bigint(20) UNSIGNED NOT NULL AUTO_INCREMENT, AUTO_INCREMENT=31;

--
-- AUTO_INCREMENT для таблицы `calc_types`
--
ALTER TABLE `calc_types`
  MODIFY `id` bigint(20) UNSIGNED NOT NULL AUTO_INCREMENT, AUTO_INCREMENT=22;

--
-- AUTO_INCREMENT для таблицы `categories`
--
ALTER TABLE `categories`
  MODIFY `id` bigint(20) UNSIGNED NOT NULL AUTO_INCREMENT, AUTO_INCREMENT=13;

--
-- AUTO_INCREMENT для таблицы `failed_jobs`
--
ALTER TABLE `failed_jobs`
  MODIFY `id` bigint(20) UNSIGNED NOT NULL AUTO_INCREMENT;

--
-- AUTO_INCREMENT для таблицы `menu_types`
--
ALTER TABLE `menu_types`
  MODIFY `id` bigint(20) UNSIGNED NOT NULL AUTO_INCREMENT, AUTO_INCREMENT=4;

--
-- AUTO_INCREMENT для таблицы `migrations`
--
ALTER TABLE `migrations`
  MODIFY `id` int(10) UNSIGNED NOT NULL AUTO_INCREMENT, AUTO_INCREMENT=29;

--
-- AUTO_INCREMENT для таблицы `modules`
--
ALTER TABLE `modules`
  MODIFY `id` bigint(20) UNSIGNED NOT NULL AUTO_INCREMENT, AUTO_INCREMENT=7;

--
-- AUTO_INCREMENT для таблицы `posts`
--
ALTER TABLE `posts`
  MODIFY `id` bigint(20) UNSIGNED NOT NULL AUTO_INCREMENT, AUTO_INCREMENT=58;

--
-- AUTO_INCREMENT для таблицы `types`
--
ALTER TABLE `types`
  MODIFY `id` bigint(20) UNSIGNED NOT NULL AUTO_INCREMENT, AUTO_INCREMENT=11;

--
-- AUTO_INCREMENT для таблицы `users`
--
ALTER TABLE `users`
  MODIFY `id` bigint(20) UNSIGNED NOT NULL AUTO_INCREMENT, AUTO_INCREMENT=2;

--
-- Ограничения внешнего ключа сохраненных таблиц
--

--
-- Ограничения внешнего ключа таблицы `calc_categories`
--
ALTER TABLE `calc_categories`
  ADD CONSTRAINT `calc_categories_calc_classes_id_foreign` FOREIGN KEY (`calc_classes_id`) REFERENCES `calc_classes` (`id`);

--
-- Ограничения внешнего ключа таблицы `calc_items`
--
ALTER TABLE `calc_items`
  ADD CONSTRAINT `calc_items_calc_category_id_foreign` FOREIGN KEY (`calc_category_id`) REFERENCES `calc_categories` (`id`),
  ADD CONSTRAINT `calc_items_calc_module_id_foreign` FOREIGN KEY (`calc_module_id`) REFERENCES `calc_modules` (`id`),
  ADD CONSTRAINT `calc_items_calc_title_id_foreign` FOREIGN KEY (`calc_title_id`) REFERENCES `calc_titles` (`id`);

--
-- Ограничения внешнего ключа таблицы `calc_modules`
--
ALTER TABLE `calc_modules`
  ADD CONSTRAINT `calc_modules_category_id_foreign` FOREIGN KEY (`category_id`) REFERENCES `categories` (`id`);

--
-- Ограничения внешнего ключа таблицы `calc_titles`
--
ALTER TABLE `calc_titles`
  ADD CONSTRAINT `calc_titles_calc_classes_id_foreign` FOREIGN KEY (`calc_classes_id`) REFERENCES `calc_classes` (`id`),
  ADD CONSTRAINT `calc_titles_calc_type_id_foreign` FOREIGN KEY (`calc_type_id`) REFERENCES `calc_types` (`id`);

--
-- Ограничения внешнего ключа таблицы `modules`
--
ALTER TABLE `modules`
  ADD CONSTRAINT `modules_category_id_foreign` FOREIGN KEY (`category_id`) REFERENCES `categories` (`id`),
  ADD CONSTRAINT `modules_type_id_foreign` FOREIGN KEY (`type_id`) REFERENCES `types` (`id`);
COMMIT;

/*!40101 SET CHARACTER_SET_CLIENT=@OLD_CHARACTER_SET_CLIENT */;
/*!40101 SET CHARACTER_SET_RESULTS=@OLD_CHARACTER_SET_RESULTS */;
/*!40101 SET COLLATION_CONNECTION=@OLD_COLLATION_CONNECTION */;
